title,location,date_posted,segment,subject
Seeking a Programming Technology Tutor,"All Areas, Doha",2021-09-27,Computer / IT,Programming Technology
Looking for a Spanish Language Tutor,"Doha City, Doha",2021-09-27,Language,Spanish
Searching for a Tutor to learn Computer science/IT,"Education City, Doha",2021-09-27,UNIVERSITY,computer science/IT
Looking for a Finance Tutor,"Al Duhail, Doha",2021-09-27,Higher Education,Finance
Require a Violin Tutor,"Al Sadd, Doha, Qatar, Doha",2021-09-27,Music,Violin
Need a Tutor to Learn Physics,"Fereej Kulaib, Doha",2021-09-27,Secondary Stage,Physics
Need a Tutor to Learn Biology,"Fereej Kulaib, Doha",2021-09-27,Secondary Stage,Biology
Need a Tutor to Learn Chemistry,"Fereej Kulaib, Doha",2021-09-27,Secondary Stage,Chemistry
Want a Physics Tutor,"Al Dafna, Doha",2021-09-27,Secondary Stage,Physics
Need a Yoga Tutor,"All Areas, Doha",2021-09-27,Sports / Fitness Training,Yoga and Pilates
Looking for a Tutor for Digital Communications,"New Salata , Doha, Doha",2021-09-27,Engineering Subjects,Electrical
Want a good Tutor to get prepared for IELTS,"All Areas, Doha",2021-09-27,Language,English
Seeking a good Tutor to get prepared for IELTS,"All Areas, Doha",2021-09-27,GMAT/GRE/TOEFL/IELTS/SAT,IELTS
Seeking an English Tutor,"All Areas, Doha",2021-09-27,Elementary Stage,English
Require a Mathematics Tutor,"Al Sadd, Doha",2021-09-27,Elementary Stage,Mathematics
Looking for a Science Tutor,"Al Sadd, Doha",2021-09-27,Elementary Stage,Science
Seeking an English Tutor,"Al Sadd, Doha",2021-09-27,Elementary Stage,English
Seeking an Economics Tutor,"Al Waab, Doha, Doha",2021-09-27,Secondary Stage,Economics
Want a Mathematics Tutor,"All Areas, Doha",2021-09-27,UNIVERSITY,MATHS
Need a Guitar Tutor,"Fereej Bin Mahmoud, Doha",2021-09-27,Music,Guitar
Searching for a Tutor to learn Violin,"West Bay, Doha",2021-09-28,Music,Violin
Looking for a Piano Tutor,"Aspire, Doha",2021-09-28,Music,Piano
Seeking an Arabic Tutor,"Ain Khalid, Doha",2021-09-28,Elementary Stage,Arabic
Need a Physical Therapist,"Al Gharafa, Doha",2021-09-28,Sports / Fitness Training,Physical Trainers
Looking for a Keyboard Tutor,"All Areas, Doha",2021-09-28,Music,Keyboard
Seeking a good Tutor to get prepared for GED,"All Areas, Doha",2021-09-28,Language,English
Seeking a good Tutor to get prepared for GED,"All Areas, Doha",2021-09-28,GMAT/GRE/TOEFL/IELTS/SAT,GED
Looking for a Piano Tutor,"All Areas, Doha",2021-09-28,Music,Piano
Need a Tutor for Networks,"Education City, Doha",2021-09-28,Computer / IT,Networking
Require a Lady Arabic Tutor,"All Areas, Doha",2021-09-28,Secondary Stage,Arabic
Looking for a Geography Tutor,"Doha, Doha",2021-09-28,Higher Education,Geography
Seeking a good Tutor to get prepared for CFA,"Doha City, Doha",2021-09-28,GMAT/GRE/TOEFL/IELTS/SAT,Accounting
Seeking a good Tutor to get prepared for CFA,"Doha City, Doha",2021-09-28,GMAT/GRE/TOEFL/IELTS/SAT,CFA
Looking for a Tutor for Quantitative Analysis,"The Pearl, Doha",2021-09-28,MBA / Business Training,Quantitative Analysis
Searching for a Tutor to learn Science,", Doha",2021-09-29,Secondary Stage,Science
Looking for a Swimming Instructor,"Al Waab, Doha, Doha",2021-09-29,Sports / Fitness Training,Swimming
Looking for a MS Office Tutor,"All Areas, Doha",2021-09-29,Computer / IT,MS Office
Looking for an Advanced Excel Tutor,"All Areas, Doha",2021-09-29,Computer / IT,Advanced Excel
Seeking a Finance Tutor,"All Areas, Doha",2021-09-29,UNIVERSITY,Finance
Want a Biology Tutor,"Doha, Doha",2021-09-29,Secondary Stage,Biology
Need a Tutor to Learn English,"Abu Hamour, Doha",2021-09-29,Elementary Stage,English
Looking for a Science Tutor,"All Area, Doha",2021-09-29,Secondary Stage,Physics
Searching for a Tutor to learn Networking,"Al Gharafa, Doha",2021-09-29,Computer / IT,Networking
Looking for a Science Tutor,"All Area, Doha",2021-09-29,Secondary Stage,Chemistry
Looking for a Science Tutor,"All Area, Doha",2021-09-29,Secondary Stage,Science
Looking for a Japanese Language Tutor,"All Areas, Doha",2021-09-29,Language,Japanese
Searching for a Psychology Tutor,"Doha, Doha",2021-09-29,Secondary Stage,Psychology
Looking for a Science Tutor,"All Areas, Doha",2021-09-29,Preparatory Stage,Sciences
Searching for a Mathematics Tutor,"The Pearl, Doha",2021-09-29,Secondary Stage,Mathematics
Require a Lady Mathematics Tutor,"All Areas, Doha",2021-09-29,Preparatory Stage,Mathematics
Need a Tutor to Learn Mathematics,"Abu Hamour, Doha",2021-09-29,Elementary Stage,Mathematics
Searching for a Tutor to learn Geography,"Al Waab, Doha",2021-09-30,Secondary Stage,Geography
Looking for a Arabic Language Tutor,"All Areas, Doha",2021-09-30,Language,Arabic
Looking for a Math Tutor,"All Areas, Doha",2021-09-30,Preparatory Stage,Mathematics
Looking for a Football coach,"All Areas, Doha",2021-09-30,Sports / Fitness Training,Football
Looking for a Russian Native Instructor,"All Areas, Doha",2021-09-30,Language,Russian
Looking for a Yoga Trainer,"Ain Khalid, Doha",2021-09-30,Sports / Fitness Training,Yoga and Pilates
Searching for a MATLAB Tutor,"All Areas, Doha",2021-09-30,Computer / IT,MATLAB
Looking for a Corporate Finance Tutor,"Ain Khalid, Doha",2021-09-30,MBA / Business Training,Finance
Looking for a Geography Tutor,"All Areas, Doha",2021-09-30,Secondary Stage,Geography
Seeking a Media Studie Tutor,"Doha, Doha",2021-09-30,Higher Education,"Film, media"
Looking for a Tutor for Humanities,"All Areas, Doha",2021-09-30,Secondary Stage,Humanities
Need a Tutor for English,"All Areas, Doha",2021-09-30,Secondary Stage,English
Searching for a Tutor to learn Modern Bollywood Dance,"Bin Mahmoud, Doha",2021-10-01,Dance,Modern Bollywood Dance
Looking for a Urdu Language Tutor,"Al Waab, Doha",2021-10-01,Language,Urdu
Looking for a Violin Tutor,"All Areas, Doha",2021-10-01,Music,Violin
Need a Tutor for Project Management,"All Areas, Doha",2021-10-01,MBA / Business Training,Project Management
Looking for a Tutor for SAP Business One,"All Areas, Doha",2021-10-02,Computer / IT,SAP Training
Looking for a French Language Tutor,"All Areas, Doha",2021-10-02,Language,French
Looking for a Tutor for SAP Business One,"All Areas, Doha",2021-10-02,Computer / IT,SAP Certification
Require a Mathematics Tutor,"Matar Qadeem, Doha",2021-10-02,Preparatory Stage,Mathematics
Looking for an Arabic Tutor,"Al Hilal, Doha",2021-10-02,Secondary Stage,Arabic
Need a Tutor to Learn Statistics,"All Areas, Doha",2021-10-02,Higher Education,Statistics
Need a Tutor to Learn Economics,"All Areas, Doha",2021-10-02,Higher Education,Economics
Seeking a Mental Math Tutor,"All Areas, Doha",2021-10-02,Academic Enrichment,Mental Maths
Need a DJ Trainer,"All Areas, Doha",2021-10-02,Music,DJ Training
Searching for a Tutor to learn Arabic,"Al Thumama, Doha",2021-10-03,Language,Arabic
Looking for a Quran Tutor,"All Areas, Doha",2021-10-03,Language,Quran
Looking for a Mathematics Tutor,"Matar Qadeem, Doha",2021-10-03,Elementary Stage,Mathematics
Looking for a GCSE Mathematics Tutor,"All Areas, Doha",2021-10-03,Secondary Stage,Mathematics
Looking for a History Tutor,"Al Waab, Doha",2021-10-03,Secondary Stage,History
Need a Tutor to Learn Mathematics,"Al Khisa, Doha",2021-10-03,Preparatory Stage,Mathematics
Seeking an Arabic Tutor,"All Areas, Doha",2021-10-03,Language,Arabic
Need a Tutor to Learn English,"Al Khisa, Doha",2021-10-03,Preparatory Stage,English
Want a Mathematics Tutor,"All Areas, Doha",2021-10-03,Secondary Stage,Mathematics
Looking for a Business Tutor,"Al Sadd, Doha",2021-10-03,MBA / Business Training,Business Training
Looking for a Geography Tutor,"All Areas, Doha",2021-10-03,Secondary Stage,Geography
Want a Psychology Tutor,"Doha, Doha",2021-10-03,Secondary Stage,Psychology
Looking for a Biology Tutor,"Doha, Doha",2021-10-03,Secondary Stage,Biology
Looking for a Mathematics Tutor,"Doha, Doha",2021-10-03,Secondary Stage,Mathematics
Need a Tutor to Learn Sciences,"Al Khisa, Doha",2021-10-03,Preparatory Stage,Sciences
Searching for a Tutor to learn Mental Maths,"Al Kheesa, Doha",2021-10-03,Academic Enrichment,Mental Maths
Seeking an English Tutor,"All Areas, Doha",2021-10-04,Secondary Stage,English
Require a Mathematics Tutor,"All Areas, Doha",2021-10-04,Secondary Stage,Mathematics
Need a Tutor for SPSS,"Doha, Doha",2021-10-04,MBA / Business Training,Statistics
Seeking an Arabic Tutor,"All Areas, Doha",2021-10-04,Language,Arabic
Require a Drums Tutor,"Al Rayyan, Doha",2021-10-04,Music,Drums
Seeking an Abacus Tutor,"All Areas, Doha",2021-10-04,Academic Enrichment,Mental Maths
Seeking a good Tutor to get prepared for IELTS,"Umm Bab Street, Doha, Qatar, Doha",2021-10-04,Language,English
Need a Tutor to Learn English,"All Areas, Doha",2021-10-04,Elementary Stage,English
Need a Tutor to Learn Mathematics,"All Areas, Doha",2021-10-04,Elementary Stage,Mathematics
Looking for a Swimming Instructor,"All Areas, Doha",2021-10-04,Sports / Fitness Training,Swimming
Seeking a good Tutor to get prepared for IELTS,"Umm Bab Street, Doha, Qatar, Doha",2021-10-04,GMAT/GRE/TOEFL/IELTS/SAT,IELTS
Looking for a Science Tutor,"All Areas, Doha",2021-10-04,Secondary Stage,Physics
Want a Physics Tutor,", Doha",2021-10-04,Secondary Stage,Physics
Looking for a Science Tutor,"All Areas, Doha",2021-10-04,Secondary Stage,Chemistry
Need a Swimming Trainer,"All Areas, Doha",2021-10-04,Sports / Fitness Training,Swimming
Looking for a Gymnastics Trainer,"All Areas, Doha",2021-10-04,Sports / Fitness Training,Gymnastics
Seeking an Arabic Tutor,"Al Nasr, Doha, Doha",2021-10-04,Elementary Stage,Arabic
Need a Tutor to Learn English,"All Areas, Doha",2021-10-04,Preparatory Stage,English
Looking for a Science Tutor,"All Areas, Doha",2021-10-04,Secondary Stage,Science
Need a Tutor to Learn Mathematics,"All Areas, Doha",2021-10-04,Preparatory Stage,Mathematics
Need a Tutor to Learn Sciences,"All Areas, Doha",2021-10-04,Preparatory Stage,Sciences
Looking for a Mathematics Tutor,"Doha City, Doha",2021-10-04,Secondary Stage,Mathematics
Seeking a Native English Tutor,"All Areas, Doha",2021-10-04,Language,English
Looking for a French Tutor,"All Areas, Doha",2021-10-04,Language,French
Seeking a good Tutor to get prepared for IELTS,"All Areas, Doha",2021-10-04,GMAT/GRE/TOEFL/IELTS/SAT,IELTS
Seeking a good Tutor to get prepared for IELTS,"All Areas, Doha",2021-10-04,Language,French
Want a Piano Tutor,"Al Waab, Doha",2021-10-04,Music,Piano
Looking for an Animation Tutor,"All Areas, Doha",2021-10-05,Computer / IT,3D Animation
Need a Piano Tutor,"All Areas, Doha",2021-10-05,Music,Piano
Seeking an Arabic Tutor,"All Areas, Doha",2021-10-05,Elementary Stage,Arabic
Looking for a Violin Tutor,"All Areas, Doha",2021-10-05,Music,Violin
Need a Tutor for Computer Programming,"All Areas, Doha",2021-10-05,Engineering Subjects,Chemical
Require a Chemistry Tutor,"Abu Hamour, Doha",2021-10-05,Secondary Stage,Chemistry
Searching for a Mathematics Tutor,"Al Dafna, Doha",2021-10-05,Higher Education,MATHS
Need a Tutor for Computer Programming,"All Areas, Doha",2021-10-05,Engineering Subjects,Computer / IT
Want a Violin Tutor,"West Bay Lagoon, Doha",2021-10-05,Music,Violin
Looking for a International Finance Tutor,"Doha, Doha",2021-10-05,UNIVERSITY,Finance
Looking for a Robotics Tutor,"All Areas, Doha",2021-10-06,Stem Classes,Robotics
Searching for a Tutor to learn Computer science/IT,"Al Rayyan, Doha",2021-10-06,UNIVERSITY,computer science/IT
Looking for a Finance Tutor,"All Areas, Doha",2021-10-06,UNIVERSITY,Finance
Looking for a Mandarin Language Tutor,"All Areas, Doha",2021-10-06,Language,Mandarin
Require a Mathematics Tutor,"All Areas, Doha",2021-10-06,Elementary Stage,Mathematics
Seeking a History Tutor,"All Areas, Doha",2021-10-06,Elementary Stage,History
Seeking a Geography Tutor,"All Areas, Doha",2021-10-06,Elementary Stage,Geography
Searching for a Lady Mathematics Tutor,"Al Dafna, Doha",2021-10-06,Secondary Stage,Mathematics
Seeking a Chemistry Tutor,"Al Duhail, Doha",2021-10-06,Secondary Stage,Chemistry
Require a Mathematics Tutor,"Ain Khalid, Doha",2021-10-06,Elementary Stage,Mathematics
Seeking an English Tutor,"Ain Khalid, Doha",2021-10-06,Elementary Stage,English
Want a Chemistry Tutor,"All Areas, Doha",2021-10-06,UNIVERSITY,Chemistry
Want a Mathematics Tutor,"All Areas, Doha",2021-10-06,UNIVERSITY,MATHS
Need a Piano Tutor,"West Bay Lagoon, Doha",2021-10-06,Music,Piano
Seeking an English Tutor,"All Areas, Doha",2021-10-06,Elementary Stage,English
Looking for a Law Tutor,"All Areas, Doha",2021-10-07,UNIVERSITY,Law
Seeking an English Tutor,"All Areas, Doha",2021-10-07,Secondary Stage,English
Looking for a Tutor to Learn German Language,"All Areas, Doha",2021-10-07,Language,German
Searching for a Tutor to learn German,"Najma, Doha",2021-10-07,Language,German
Searching for an Electronics Tutor,"Old Airport, Doha",2021-10-07,Engineering Subjects,Electronics
Looking for a Tutor for Robotics,"All Areas, Doha",2021-10-07,Computer / IT,Robotics
Looking for a Python Programming Tutor,"Al Rayyan, Doha",2021-10-07,Computer / IT,Python Programming
Searching for a Tutor to learn Biology,"Al Gharafa, Doha",2021-10-07,Secondary Stage,Biology
Seeking an English Tutor,"Abu Hamour, Doha",2021-10-07,Preparatory Stage,English
Looking for a German Language Tutor,"Ain Khalid, Doha",2021-10-07,Language,German
Need a Tutor to Learn English,"West Bay, Doha",2021-10-08,Elementary Stage,English
Need a Tutor to Learn Mathematics,"West Bay, Doha",2021-10-08,Elementary Stage,Mathematics
Need a Guitar Tutor,"All Areas, Doha",2021-10-08,Music,Guitar
Want a Tutor for Ballroom Dancing,"Musherib, Doha",2021-10-08,Dance,Ballroom Dancing
Need a Tutor for Business Training,"Mughalina Building, Doha",2021-10-08,MBA / Business Training,Business Training
Want a Chemistry Tutor,"All Areas, Doha",2021-10-09,Secondary Stage,Chemistry
Searching for a Tutor to learn Badminton,"All Areas, Doha",2021-10-09,Sports / Fitness Training,Badminton
Seeking a good Tutor to get prepared for GMAT,"All Areas, Doha",2021-10-09,GMAT/GRE/TOEFL/IELTS/SAT,GMAT
Seeking an English Tutor,"All Areas, Doha",2021-10-09,Secondary Stage,English
Looking for a Piano Tutor,", Doha",2021-10-09,Music,Piano
Looking for a Spanish Language Tutor,"All Areas, Doha",2021-10-09,Language,Spanish
Want a Guitar Tutor,"All Areas, Doha",2021-10-10,Music,Guitar
Need a Tutor to Learn English,"All Areas, Doha",2021-10-10,Early Childhood,English
Need a Tutor to Learn MATHS,"All Areas, Doha",2021-10-10,Early Childhood,MATHS
Looking for a Spanish Language Tutor,"All Areas, Doha",2021-10-10,Language,Spanish
Looking for a Violin Tutor,"All Areas, Doha",2021-10-10,Music,Violin
Looking for a Zumba Tutor,"All Areas, Doha",2021-10-10,Sports / Fitness Training,Zumba
Searching for a Tutor to learn English,"Doha City, Doha",2021-10-10,Elementary Stage,English
Searching for a Tutor to learn Guitar,"Al Mansoura, Doha",2021-10-10,Music,Guitar
Seeking an English Tutor,"All Areas, Doha",2021-10-11,Language,English
Searching for a Tutor to learn German,"Al Nasr, Doha, Doha",2021-10-11,Language,German
Looking for a Mathematics Tutor,"All Area, Doha",2021-10-11,Secondary Stage,Mathematics
Looking for a Tutor to Learn German Language,"All Areas, Doha",2021-10-11,Language,German
Searching for a Tutor to learn Piano,"Ad Dawhah, Doha",2021-10-11,Music,Piano
Looking for a Tutor for Biology Edexcel,"Al Gharafa, Doha",2021-10-11,Secondary Stage,Biology
Searching for a Mathematics Tutor,"All Areas, Doha",2021-10-11,Secondary Stage,Mathematics
Looking for a Russian Language Tutor,"All Areas, Doha",2021-10-11,Language,Russian
Seeking a good Tutor to get prepared for TEF,"All Areas, Doha",2021-10-11,GMAT/GRE/TOEFL/IELTS/SAT,TEF Exam
Required a Math Tutor,"Al Waab, Doha",2021-10-11,Secondary Stage,Mathematics
Want a Physics Tutor,"All Areas, Doha",2021-10-11,Secondary Stage,Physics
Searching for a Tutor to learn MATHS,"Al Dafna, Doha",2021-10-11,Higher Education,MATHS
Searching for a Tutor to learn Biology,"Abu Hamour, Doha",2021-10-12,Higher Education,Biology
Searching for a Tutor to learn Computer science/IT,"The Pearl, Doha",2021-10-12,UNIVERSITY,computer science/IT
Searching for a Tutor to learn Mathematics,"Airport Road, Doha",2021-10-12,Preparatory Stage,Mathematics
Looking for a Business Studies Tutor,"All Areas, Doha",2021-10-12,Secondary Stage,Business Studies
Looking for a Guitar Tutor,"All Areas, Doha",2021-10-12,Music,Guitar
Looking for an Accounting Tutor,"All Areas, Doha",2021-10-12,Secondary Stage,ACCOUNTS
Require a Tutor for Cyber Security,"All Areas, Doha",2021-10-12,Computer / IT,Cyber Security
Want a Finance Tutor,"All Areas, Doha",2021-10-12,Secondary Stage,Finance
Looking for a Swimming Instructor,"All Areas, Doha",2021-10-12,Sports / Fitness Training,Swimming
Looking for a Python Tutor,"All Areas, Doha",2021-10-12,Computer / IT,Python Programming
Seeking an English Tutor,"All Areas, Doha",2021-10-12,UNIVERSITY,English
Looking for a Business Tutor,"All Areas, Doha",2021-10-12,Secondary Stage,Business Studies
Need a Chess Coach,"All Areas, Doha",2021-10-13,Sports / Fitness Training,Chess
Require a Mathematics Tutor,"All Areas, Doha",2021-10-13,Secondary Stage,Mathematics
Require a Physics Tutor,"All Areas, Doha",2021-10-13,Secondary Stage,Physics
Require a Chemistry Tutor,"All Areas, Doha",2021-10-13,Secondary Stage,Chemistry
Looking for a Tutor for Pest Control Services,"All Areas, Doha",2021-10-13,MBA / Business Training,Pest Control Training
Looking for a Mathematics Tutor,"All Areas, Doha",2021-10-13,UNIVERSITY,MATHS
Looking for a Tutor for Cyber Security,"All Areas, Doha",2021-10-13,Computer / IT,Cyber Security
Looking for a Business Studies Tutor,"Airport Road, Doha",2021-10-13,Secondary Stage,Business Studies
Searching for a Tutor to learn Business Studies,"Al Dafna, Doha",2021-10-13,Higher Education,Business Studies
Seeking an English Tutor,"All Areas, Doha",2021-10-13,Secondary Stage,English
Seeking a Biology Tutor,"Abu Hamour, Doha",2021-10-13,Secondary Stage,Biology
Looking for a Interior Design Tutor,"All Areas, Doha",2021-10-13,Arts / Photography / Other Hobbies,Interior Design
Seeking a Video Editing Tutor,"All Areas, Doha",2021-10-13,Computer / IT,Video Editing
Looking for a Geography Tutor,"Fereej Bin Omran, Doha, Doha",2021-10-13,Secondary Stage,Geography
Looking for a Guitar Tutor,"All Areas, Doha",2021-10-13,Music,Guitar
Seeking an English Tutor,"Doha City, Doha",2021-10-14,Secondary Stage,English
Need a Tutor to Learn Physics,"All Areas, Doha",2021-10-14,Secondary Stage,Physics
Looking for an Arabic Tutor,"The Pearl, Doha",2021-10-14,Elementary Stage,Arabic
Need a Tutor to Learn Mathematics,"All Areas, Doha",2021-10-14,Secondary Stage,Mathematics
Need a Tutor to Learn Chemistry,"All Areas, Doha",2021-10-14,Secondary Stage,Chemistry
Need a Tutor to Learn Finance,"All Areas, Doha",2021-10-14,UNIVERSITY,Finance
Need a Tutor to Learn Accounting,"All Areas, Doha",2021-10-14,UNIVERSITY,Accounting
Looking for a Swimming Instructor,"All Areas, Doha",2021-10-14,Sports / Fitness Training,Swimming
Need a Tutor to Learn English,"All Areas, Doha",2021-10-14,Secondary Stage,English
Looking for a Arabic Tutor,"All Areas, Doha",2021-10-14,Language,Arabic
Need a Violin Tutor,"All Areas, Doha",2021-10-14,Music,Violin
Looking for a AP Statistics Tutor,"All Areas, Doha",2021-10-14,Secondary Stage,Statistics
Looking for a French Tutor,"Al Luqta, Doha",2021-10-14,Elementary Stage,French
Looking for a Female Horse Riding Instructor,"Freej Kulaib, Doha",2021-10-14,Sports / Fitness Training,Horse Riding
Seeking an English Tutor,"All Areas, Doha",2021-10-14,Elementary Stage,English
Looking for an English Tutor,"Doha City, Doha",2021-10-14,Preparatory Stage,English
Looking for a Science Tutor,"All Areas, Doha",2021-10-14,Elementary Stage,Science
Looking for a 3D Max / Maya Tutor,"All Areas, Doha",2021-10-14,Computer / IT,3D Max / Maya
Looking for a Drums Tutor,"Doha City, Doha",2021-10-14,Music,Drums
Looking for a Intercontinental Taxation Tutor,"Doha, Doha",2021-10-14,UNIVERSITY,Finance
Looking for a Mathematics Tutor,"All Areas, Doha",2021-10-14,Elementary Stage,Mathematics
Looking for a Quran Tutor,"All Areas, Doha",2021-10-14,Language,Quran
Looking for a Mathematics Tutor,"Old Airport, Doha, Doha",2021-10-15,Preparatory Stage,Mathematics
Looking for a Chemistry Tutor,"All Areas, Doha",2021-10-15,UNIVERSITY,Chemistry
Need a Tutor for Vocal training,"All Areas, Doha",2021-10-15,Music,Singing
Looking for a Good Tutor to get prepared for ACCA,"All Areas, Doha",2021-10-15,GMAT/GRE/TOEFL/IELTS/SAT,ACCA
Looking for a Computer Networking Tutor,"Doha City, Doha",2021-10-15,Computer / IT,Networking
Want a Chemistry Tutor,"All Areas, Doha",2021-10-15,Secondary Stage,Chemistry
Seeking a Belly Dance Tutor,"All Areas, Doha",2021-10-15,Dance,Belly Dance
Looking for a Good Tutor to get prepared for ACCA,"All Areas, Doha",2021-10-15,GMAT/GRE/TOEFL/IELTS/SAT,Accounting
Seeking a Mathematics Tutor,"All Areas, Doha",2021-10-15,Elementary Stage,Mathematics
Want a Physics Tutor,"All Areas, Doha",2021-10-16,Secondary Stage,Physics
Need a Tutor to Learn Graphics,"Doha, Doha",2021-10-16,Computer / IT,Graphic design
Looking for a Swimming Instructor,"All Areas, Doha",2021-10-16,Sports / Fitness Training,Swimming
Looking for a Piano Tutor,", Doha",2021-10-16,Music,Piano
Searching for a Tutor to learn Mental Maths,"Abu Hamour, Doha",2021-10-17,Academic Enrichment,Mental Maths
Looking for a Good Tutor to get prepared for ACT,"All Areas, Doha",2021-10-17,GMAT/GRE/TOEFL/IELTS/SAT,ACT
Searching for a Tutor to learn MATHS,"Abu Hamour, Doha",2021-10-17,GMAT/GRE/TOEFL/IELTS/SAT,MATHS
Want a Physics Tutor,"Old Airport, Doha",2021-10-17,Secondary Stage,Physics
Seeking a good Tutor to get prepared for CMA,"All Areas, Doha",2021-10-17,GMAT/GRE/TOEFL/IELTS/SAT,CMA
Want a Biology Tutor,"Old Airport, Doha",2021-10-17,Secondary Stage,Biology
Want a Physics Tutor,"Doha, Doha",2021-10-18,Higher Education,Physics
Looking for a Spanish language Tutor,"Al Murour, Doha",2021-10-18,Language,Spanish
Need a Tabla Tutor,"All Areas, Doha",2021-10-18,Music,Tabla
Need a Dance Tutor,"All Areas, Doha",2021-10-18,Dance,Hip Hop Dancing
Need a Chemistry Tutor,"Doha, Doha",2021-10-18,Secondary Stage,Chemistry
Looking for a Saxophone Tutor,"West Bay, Doha",2021-10-18,Music,Saxophone
Looking for a Mathematics Tutor,"Doha, Doha",2021-10-18,Higher Education,MATHS
Looking for a Statistics Tutor for Data Science,"Doha City, Doha",2021-10-18,UNIVERSITY,Statistics
Searching for a Tutor to learn Mathematics,"Mesaimeer Road, Doha",2021-10-18,Secondary Stage,Mathematics
Searching for a Mathematics Tutor,"Abu Hamour, Doha",2021-10-18,Secondary Stage,Mathematics
Seeking an English Tutor,"Al Markhiya, Doha",2021-10-18,Elementary Stage,English
Searching for a Drawing Tutor,"All Areas, Doha",2021-10-18,Arts / Photography / Other Hobbies,Painting
Seeking a Drawing Tutor,"All Areas, Doha",2021-10-18,Arts / Photography / Other Hobbies,Drawing
Looking for a Tutor to Learn Accounting,"All Areas, Doha",2021-10-18,UNIVERSITY,Accounting
Searching for a Sociology Tutor,"Abu Hamour, Doha",2021-10-18,Secondary Stage,Sociology
Searching for a Swimming Coach,"All Areas, Doha",2021-10-18,Sports / Fitness Training,Swimming
Looking for a Statistics Tutor for Data Science,"Doha City, Doha",2021-10-18,Computer / IT,Data Science
Searching for a Tutor to learn Science,"West Bay, Doha",2021-10-19,Secondary Stage,Science
Searching for a Tutor to learn Saxophone,"West Bay, Doha",2021-10-19,Music,Saxophone
Looking for a Saxophone Tutor,"The Pearl, Doha",2021-10-19,Music,Saxophone
Looking for a Macroeconomic Tutor,"Ain Khalid, Doha",2021-10-19,Higher Education,Economics
Looking for a Lady Urdu Tutor,"All Areas, Doha",2021-10-19,Language,Urdu
Seeking an Arabic Tutor,"All Areas, Doha",2021-10-19,Secondary Stage,Arabic
Looking for a Science Tutor,"All Areas, Doha",2021-10-19,Preparatory Stage,Sciences
Seeking an English Tutor,"All Areas, Doha",2021-10-19,Secondary Stage,English
Looking for a Spanish Language Tutor,"All Areas, Doha",2021-10-19,Language,Spanish
Seeking an English Tutor,"Ain Khalid, Doha",2021-10-19,Early Childhood,English
Looking for a Science Tutor,"Mesaimeer Road, Doha",2021-10-19,Preparatory Stage,Sciences
Looking for a Mathematics Tutor,"Mesaimeer Road, Doha",2021-10-19,Preparatory Stage,Mathematics
Seeking a Piano Tutor,"Doha, Doha",2021-10-19,Music,Piano
Looking for a Violin Tutor,"All Areas, Doha",2021-10-19,Music,Violin
Seeking an English Tutor,"All Areas, Doha",2021-10-19,Early Childhood,English
Searching for a Tutor to learn Science,"Mesaimeer Road, Doha",2021-10-19,Secondary Stage,Science
Looking for a French Tutor,"All Areas, Doha",2021-10-19,Elementary Stage,French
Looking for a Guitar Tutor,"All Areas, Doha",2021-10-20,Music,Guitar
Looking for an English Tutor,"All Areas, Doha",2021-10-20,Language,English
Looking for an Accounting Tutor,"All Areas, Doha",2021-10-20,Secondary Stage,ACCOUNTS
Looking for a Finance Tutor,"All Areas, Doha",2021-10-20,Secondary Stage,Finance
Searching for a Tutor to learn English,"Al Duhail, Doha",2021-10-20,Early Childhood,English
Looking for a Accountant Tutor,"All Areas, Doha",2021-10-20,MBA / Business Training,Accountancy
Looking for a History Tutor,"Al Gharafa, Doha",2021-10-20,Secondary Stage,History
Urgent Need a Tutor for Mathematics,"All Areas, Doha",2021-10-20,UNIVERSITY,MATHS
Looking for a JAVA Tutor,"All Areas, Doha",2021-10-20,Computer / IT,JAVA Technology
Looking for a English Tutor,"All Areas, Doha",2021-10-20,Secondary Stage,English
Looking for a Mathematics Tutor,"All Areas, Doha",2021-10-20,Secondary Stage,Mathematics
Want a Physics Tutor,"All Areas, Doha",2021-10-20,Secondary Stage,Physics
Seeking an Arabic Tutor,"All Areas, Doha",2021-10-20,Elementary Stage,Arabic
Want a Piano Tutor,"All Areas, Doha",2021-10-20,Music,Piano
Need a Swimming Trainer,"All Areas, Doha",2021-10-20,Sports / Fitness Training,Swimming
Looking for a Mathematics Tutor,"Ain Khalid, Doha",2021-10-20,Secondary Stage,Mathematics
Looking for a Chemistry Tutor,"Ain Khalid, Doha",2021-10-20,Secondary Stage,Chemistry
Looking for a Science Tutor,"All Areas, Doha",2021-10-20,Elementary Stage,Science
Looking for a Mathematics Tutor,"All Areas, Doha",2021-10-20,Elementary Stage,Mathematics
Seeking an English Tutor,"All Areas, Doha",2021-10-20,Elementary Stage,English
Looking for a German Language Tutor,"Doha, Doha",2021-10-21,Language,German
Searching for an English Tutor,"Al Gharafa, Doha",2021-10-21,Elementary Stage,English
Searching for a Mathematics Tutor,"All Areas, Doha",2021-10-21,Secondary Stage,Mathematics
Searching for a Mathematics Tutor,"Doha City, Doha",2021-10-21,Secondary Stage,Mathematics
Searching for a Project Management Tutor,"All Areas, Doha",2021-10-21,MBA / Business Training,Project Management
Seeking an English Tutor,"All Areas, Doha",2021-10-21,Preparatory Stage,English
Looking for a Tutor for Data structure and Algorithms,"Ad Dawhah, Doha",2021-10-21,UNIVERSITY,computer science/IT
Looking for a Tutor for Data structure and Algorithms,"Ad Dawhah, Doha",2021-10-21,Computer / IT,Data Structures
Seeking a Social Studies Tutor,"Doha City, Doha",2021-10-22,Preparatory Stage,Social Studies
Looking for a Good Tutor to get prepared for TOEFL,"Doha City, Doha",2021-10-22,GMAT/GRE/TOEFL/IELTS/SAT,TOEFL
Looking for a Good Tutor to get prepared for TOEFL,"Doha City, Doha",2021-10-22,Language,English
Need a Violin Tutor,"All Areas, Doha",2021-10-22,Music,Violin
Looking for a Science Tutor,"Al Hilal, Doha",2021-10-22,Preparatory Stage,Sciences
Searching for a Tutor to learn Accounting,"All Areas, Doha",2021-10-23,UNIVERSITY,Accounting
Searching for a Tutor to learn ACCOUNTS,"Old Airport, Doha",2021-10-23,Secondary Stage,ACCOUNTS
Looking for a Good Tutor to get prepared for TOEFL,"Doha City, Doha",2021-10-23,Language,English
Looking for a Dance Tutor,"All Areas, Doha",2021-10-23,Dance,Hip Hop Dancing
Looking for a Hindi Tutor,"Abu Hamour, Doha",2021-10-23,Language,Hindi
Want a Chemistry Tutor,"Doha City, Doha",2021-10-23,Secondary Stage,Chemistry
Looking for a Good Tutor to get prepared for TOEFL,"Doha City, Doha",2021-10-23,GMAT/GRE/TOEFL/IELTS/SAT,TOEFL
Need a Piano Tutor,"Aspire Zone, Doha",2021-10-23,Music,Piano
Want a Science Tutor,"Mesaimeer Road, Doha",2021-10-24,Preparatory Stage,Sciences
Looking for a Project Management Tutor,"All Areas, Doha",2021-10-24,MBA / Business Training,Project Management
Seeking an Arabic Tutor,"Al Dafna, Doha",2021-10-24,Preparatory Stage,Arabic
Searching for a Tutor to learn Programming Technology,"Al Aziziyah, Doha",2021-10-24,Computer / IT,Programming Technology
Looking for a Spanish Language Tutor,"Al Waab, Doha, Doha",2021-10-24,Language,Spanish
Looking for a Good Tutor to get prepared for IELTS,"All Areas, Doha",2021-10-24,Language,English
Looking for a Good Tutor to get prepared for IELTS,"All Areas, Doha",2021-10-24,GMAT/GRE/TOEFL/IELTS/SAT,IELTS
Looking for a Science Tutor,"Al Dafna, Doha",2021-10-24,Preparatory Stage,Sciences
Searching for an English Tutor,"All Areas, Doha",2021-10-25,Elementary Stage,English
Searching for a Tutor to learn English,"All Areas, Doha",2021-10-25,Language,English
Searching for a Computer Science Tutor,"Fereej Bin Omran, Doha, Doha",2021-10-25,UNIVERSITY,computer science/IT
Looking for a Computer Science Tutor,"All Areas, Doha",2021-10-25,UNIVERSITY,computer science/IT
Searching for an English Tutor,"Al Markhiya, Doha",2021-10-25,UNIVERSITY,English
Looking for a Tutor for Programming,"All Areas, Doha",2021-10-25,Computer / IT,Programming Technology
Looking for a C++ Tutor,"All Areas, Doha",2021-10-25,Computer / IT,"C, C++"
Looking for a German Language Tutor,"All Areas, Doha",2021-10-25,Language,German
Searching for a Mathematics Tutor,"All Areas, Doha",2021-10-25,Elementary Stage,Mathematics
Looking for a Tutor for Marketing Research,"All Areas, Doha",2021-10-25,MBA / Business Training,Marketing
Looking for a Mathematics Tutor,"Abu Hamour, Doha",2021-10-26,UNIVERSITY,MATHS
Looking for a Mathematics Tutor,"All Areas, Doha",2021-10-26,Preparatory Stage,Mathematics
Looking for a Tutor for Database,"All Areas, Doha",2021-10-26,Computer / IT,Data Science
Looking for a Project Management Tutor,"All Areas, Doha",2021-10-26,MBA / Business Training,Project Management
Want a Chemistry Tutor,"All Areas, Doha",2021-10-26,Secondary Stage,Chemistry
Seeking a Java Tutor,"All Areas, Doha",2021-10-26,Computer / IT,JAVA Technology
Want a Mathematics Tutor,"All Areas, Doha",2021-10-26,Secondary Stage,Mathematics
Looking for a Mathematics Tutor,"All Areas, Doha",2021-10-26,Secondary Stage,Mathematics
Looking for a Good Tutor to get prepared for TEF,"All Areas, Doha",2021-10-26,GMAT/GRE/TOEFL/IELTS/SAT,TEF Exam
Looking for a Good Tutor to get prepared for TEF,"All Areas, Doha",2021-10-26,Language,French
Seeking an English Tutor,"All Areas, Doha",2021-10-27,Secondary Stage,English
Seeking an English Tutor,"Doha City, Doha",2021-10-27,Language,English
Looking for a  C++ Tutor,"All Areas, Doha",2021-10-27,Computer / IT,"C, C++"
Looking for a Mathematics Tutor,"All Areas, Doha",2021-10-27,Secondary Stage,Mathematics
Need a Piano Tutor,"All Areas, Doha",2021-10-27,Music,Piano
Need a Violin Tutor,"All Areas, Doha",2021-10-27,Music,Violin
Looking for a Tutor for Business Analysis,"All Areas, Doha",2021-10-27,MBA / Business Training,Business Training
Need a Guitar Tutor,"All Areas, Doha",2021-10-27,Music,Guitar
Need a Violin Tutor,"All Areas, Doha",2021-10-28,Music,Violin
Searching for a Tutor to learn Computer Science,"All Areas, Doha",2021-10-28,Secondary Stage,Computer Science
Searching for a Drums Tutor,"Airport Road, Doha",2021-10-28,Music,Drums
Looking for a Lade Yoga Tutor,"All Areas, Doha",2021-10-28,Sports / Fitness Training,Yoga and Pilates
Searching for a Cello Tutor,"All Areas, Doha",2021-10-28,Music,Cello
Looking for a Violin Tutor,"All Areas, Doha",2021-10-28,Music,Violin
Looking for a European History Qatari Tutor,"Doha City, Doha",2021-10-28,UNIVERSITY,History
Need a highly qualified English professor,"Doha City, Doha",2021-10-28,Language,English
Looking for a Piano Tutor,"All Areas, Doha",2021-10-29,Music,Piano
Searching for a Tutor to learn Information Technology,"Abu Hamour, Doha",2021-10-29,Secondary Stage,Information Technology
Looking for a Java Tutor,"Doha City, Doha",2021-10-29,Computer / IT,JAVA Technology
Need a Tutor to Learn Chemistry,"All Areas, Doha",2021-10-29,Secondary Stage,Chemistry
Need a Tutor to Learn Physics,"All Areas, Doha",2021-10-29,Secondary Stage,Physics
Seeking a Lady English Tutor,"All Areas, Doha",2021-10-29,Elementary Stage,English
Need a Tutor for Chemical Engineering,"All Areas, Doha",2021-10-29,Engineering Subjects,Chemical
Looking for a Mathematics Tutor,"All Areas, Doha",2021-10-29,Elementary Stage,Mathematics
Searching for a Tutor to learn Communicative English,"Al Murrah, Doha",2021-10-29,Academic Enrichment,Communicative English
Want a Chemistry Tutor,"All Areas, Doha",2021-10-29,Secondary Stage,Chemistry
Want a Biology Tutor,"All Areas, Doha",2021-10-29,Secondary Stage,Biology
Looking for a Business English Tutor,"All Areas, Doha",2021-10-29,Language,English
Need a Tutor for Mechanical Engineering,"Doha, Doha",2021-10-29,Engineering Subjects,Mechanical
Looking for a Business Tutor,"Al Waab, Doha",2021-10-29,Secondary Stage,Business Studies
Looking for an Accountancy Tutor,"Al Thumama, Doha",2021-10-29,Secondary Stage,ACCOUNTS
Searching for a Tutor to learn PHP And MySQL,"All Areas, Doha",2021-10-29,Computer / IT,PHP And MySQL
Looking for a Mathematics Tutor,"All Areas, Doha",2021-10-29,Secondary Stage,Mathematics
Seeking an English Tutor,"All Areas, Doha",2021-10-30,Secondary Stage,English
Looking for a Mathematics Tutor,"Doha City, Doha",2021-10-30,Secondary Stage,Mathematics
Looking for a Science Tutor,"All Areas, Doha",2021-10-30,Elementary Stage,Science
Looking for a Mathematics Tutor,"All Areas, Doha",2021-10-30,Elementary Stage,Mathematics
Seeking an English Tutor,"All Areas, Doha",2021-10-30,Elementary Stage,English
Looking for a Computer Science Tutor,"All Areas, Doha",2021-10-30,Secondary Stage,Computer Science
Require an Violin Tutor,"All Areas, Doha",2021-10-30,Music,Violin
Looking for a Social Studies Tutor,"All Areas, Doha",2021-10-30,Elementary Stage,Social Studies
Require an Piano Tutor,"All Areas, Doha",2021-10-30,Music,Piano
Looking for a Keyboard Tutor,"All Areas, Doha",2021-10-30,Music,Keyboard
Need a Tutor to Learn Science,"All Areas, Doha",2021-10-30,Elementary Stage,Science
Need a Tutor to Learn English,"All Areas, Doha",2021-10-30,Elementary Stage,English
Need a Tutor to Learn Mathematics,"All Areas, Doha",2021-10-30,Elementary Stage,Mathematics
Looking for a Violin Tutor,"All Areas, Doha",2021-10-30,Music,Violin
Require an Guitar Tutor,"All Areas, Doha",2021-10-30,Music,Guitar
Searching for a Tutor to learn Finance,"Al Duhail, Doha",2021-10-31,UNIVERSITY,Finance
Looking for a French Tutor,"All Areas, Doha",2021-10-31,Language,French
Want a Keyboard Tutor,"All Areas, Doha",2021-10-31,Music,Keyboard
Seeking a Piano Tutor,"All Areas, Doha",2021-10-31,Music,Piano
Searching for a Tutor to learn German,"Ain Khalid, Doha",2021-10-31,Language,German
Need a Piano Tutor,"All Areas, Doha",2021-10-31,Music,Piano
Need a Tutor for MS Office,"Al Nasr, Doha",2021-11-01,Computer / IT,MS Office
Searching for a Tutor to learn Turkish,"Al Markhiya, Doha",2021-11-01,Language,Turkish
Looking for a Badminton Tutor,"All Areas, Doha",2021-11-01,Sports / Fitness Training,Badminton
Searching for a Mathematics Tutor,"Al Thumama, Doha",2021-11-01,Elementary Stage,Mathematics
Seeking a Good Tutor to get prepared for SAT,"All Areas, Doha",2021-11-01,GMAT/GRE/TOEFL/IELTS/SAT,SAT
Searching for an Arabic Tutor,"Al Duhail, Doha",2021-11-01,Elementary Stage,Arabic
Need a Tutor for Advanced Excel,"Al Nasr, Doha",2021-11-01,Computer / IT,Advanced Excel
Seeking an Arabic Tutor,"Al Nuaija, Doha",2021-11-01,Elementary Stage,Arabic
Searching for a Chemistry Tutor,"All Areas, Doha",2021-11-01,Secondary Stage,Chemistry
Seeking a Good Tutor to get prepared for IELTS,"All Areas, Doha",2021-11-01,GMAT/GRE/TOEFL/IELTS/SAT,English
Seeking a Good Tutor to get prepared for IELTS,"All Areas, Doha",2021-11-01,GMAT/GRE/TOEFL/IELTS/SAT,IELTS
Need a Python Tutor,"All Areas, Doha",2021-11-01,Computer / IT,Python Programming
Searching for a Urdu Tutor,"All Areas, Doha",2021-11-01,Language,Urdu
Looking for a Guitar Tutor,"Al Mansoura, Doha",2021-11-01,Music,Guitar
Looking for a Spoken Arabic Tutor,"Doha City, Doha",2021-11-01,Language,Arabic
Searching for a Drawing Tutor,"Al Mamoura, Doha",2021-11-01,Arts / Photography / Other Hobbies,Drawing
Seeking an English Tutor,"All Areas, Doha",2021-11-02,Elementary Stage,English
Searching for a Tutor to learn Home Science,"Al Dafna, Doha",2021-11-02,Secondary Stage,Home Science
Looking for an Arts Tutor,"All Areas, Doha",2021-11-02,Arts / Photography / Other Hobbies,Arts & Crafts
Need a Swimming Coach,"All Areas, Doha",2021-11-02,Sports / Fitness Training,Swimming
Looking for a Corporate Finance Tutor,"Al Duhail, Doha",2021-11-02,MBA / Business Training,Finance
Looking for a Mathematics Tutor,"Ezdan 31, Doha",2021-11-02,Elementary Stage,Mathematics
Looking for a Science Tutor,"Al Rayyan, Doha",2021-11-02,Secondary Stage,Science
Want a Science Tutor,"Al Rayyan, Doha",2021-11-02,Secondary Stage,Chemistry
Looking for a Science Tutor,"Ezdan 31, Doha",2021-11-02,Elementary Stage,Science
Searching for a Tutor to learn ACT,"Al Mamoura, Doha",2021-11-03,GMAT/GRE/TOEFL/IELTS/SAT,ACT
Need a Tutor for Discrete Mathematics,"The Pearl, Doha",2021-11-03,Higher Education,MATHS
Looking for a Python Programming Tutor,"Doha City, Doha",2021-11-03,Computer / IT,Python Programming
Looking for a Tutor for Computer Graphics,"All Areas, Doha",2021-11-03,Computer / IT,Graphic design
Seeking an English Tutor,"Old Airport, Doha",2021-11-03,UNIVERSITY,English
Want a Physics Tutor,"Khartiat, Doha",2021-11-03,Secondary Stage,Physics
Seeking an English Tutor for Data entry,"All Areas, Doha",2021-11-03,Computer / IT,Data Analysis
Searching for a Mathematics Tutor,"All Areas, Doha",2021-11-03,Secondary Stage,Mathematics
Need a Violin Tutor,"All Areas, Doha",2021-11-03,Music,Violin
Seeking an Arabic Language Tutor,"Musherib, Doha",2021-11-03,Language,Arabic
Need a Tutor to Learn Physics,"Al Thumama, Doha, Doha",2021-11-03,Secondary Stage,Physics
Need a Tutor to Learn Chemistry,"Al Thumama, Doha, Doha",2021-11-03,Secondary Stage,Chemistry
Seeking an Account Tutor,"Doha International Airport, Doha, Doha",2021-11-03,Secondary Stage,ACCOUNTS
Looking for a French Tutor,"All Areas, Doha",2021-11-03,Language,French
Seeking an English Tutor,"Ain Khalid, Doha",2021-11-04,Language,English
Looking for a Java Programming Tutor,"The Pearl, Doha",2021-11-04,Computer / IT,JAVA Technology
Seeking a Filipino Tutor,"All Areas, Doha",2021-11-04,Language,Filipino
Searching for a Finance Tutor,"All Areas, Doha",2021-11-04,UNIVERSITY,Finance
Need a CCNA Tutor,"All Areas, Doha",2021-11-04,Computer / IT,CCNA Certification
Want a Chemistry Tutor,"All Areas, Doha",2021-11-05,Secondary Stage,Chemistry
Seeking an English Tutor,"Fereej Bin Mahmoud, Doha",2021-11-05,Elementary Stage,English
Want a Physics Tutor,"All Areas, Doha",2021-11-05,Secondary Stage,Physics
Looking for a Mathematics Tutor,"All Areas, Doha",2021-11-05,Secondary Stage,Mathematics
Seeking an English Tutor,"All Araes, Doha",2021-11-05,Elementary Stage,English
Want a Biology Tutor,"All Areas, Doha",2021-11-05,Secondary Stage,Biology
Searching for a Tutor to learn English,"Al Sadd, Doha",2021-11-06,Language,English
Need a Piano Tutor,"Al Rayyan, Doha",2021-11-06,Music,Piano
Looking for an Arabic language Tutor,"Abu Hamour, Doha",2021-11-06,Language,Arabic
Looking for a Swimming Instructor,"All Areas, Doha",2021-11-06,Sports / Fitness Training,Swimming
Seeking a Communicative English Tutor,"Al Dafna, Doha",2021-11-06,Academic Enrichment,Communicative English
Looking for a Spanish Language Tutor,"Al Dafna, Doha",2021-11-06,Language,Spanish
Looking for a Tutor for Graphic Design,"All Areas, Doha",2021-11-06,Computer / IT,Graphic design
Looking for a Biology Tutor,"Doha City, Doha",2021-11-06,UNIVERSITY,Biology
Looking for a Communicative English Tutor,"Al Dafna, Doha",2021-11-06,Language,English
Looking for a Computing Programming Tutor,"All Areas, Doha",2021-11-06,Stem Classes,Coding & Programming
Searching for a Tutor to learn Mathematics,"Ain Khaled, Doha, Qatar, Doha",2021-11-07,Secondary Stage,Mathematics
Seeking a Tutor for Data Structures,"All Areas, Doha",2021-11-07,Computer / IT,Data Structures
Want a Physics Tutor,"All Areas, Doha",2021-11-07,Secondary Stage,Physics
Searching for a Tutor to learn Computer / IT,"West Bay, Doha",2021-11-07,Engineering Subjects,Computer / IT
Need a Tutor to Learn Physics,"All Areas, Doha",2021-11-07,Secondary Stage,Physics
Need a Tutor to Learn Chemistry,"All Areas, Doha",2021-11-07,Secondary Stage,Chemistry
Need a Tutor to Learn Biology,"All Areas, Doha",2021-11-07,Secondary Stage,Biology
Looking for a Saxophone Tutor,"Najma, Doha",2021-11-07,Music,Saxophone
Looking for a French Tutor,"Abu Hamour, Doha",2021-11-07,Elementary Stage,French
Want a Physics Tutor,"Doha City, Doha",2021-11-08,Secondary Stage,Physics
Searching for a Tutor to learn English,"Abu Hamour, Doha",2021-11-08,Early Childhood,English
Searching for a Tutor to learn Medical,"Abu Hamour, Doha",2021-11-08,Higher Education,Medical
Want a Chemistry Tutor,"All Areas, Doha",2021-11-08,Secondary Stage,Chemistry
Looking for a Biology Tutor,"All Areas, Doha",2021-11-08,Secondary Stage,Biology
Want a Physics Tutor,"All Areas, Doha",2021-11-08,Secondary Stage,Physics
Need a Tutor for Social Studies,"All Areas, Doha",2021-11-08,Elementary Stage,Social Studies
Need a Tutor for Mathematics,"All Areas, Doha",2021-11-08,Elementary Stage,Mathematics
Need a Tutor for Science,"All Areas, Doha",2021-11-08,Elementary Stage,Science
Need a Tutor for English,"All Areas, Doha",2021-11-08,Elementary Stage,English
Searching for an Arabic Language Tutor,"All Areas, Doha",2021-11-08,Preparatory Stage,Arabic
Looking for a Spanish Language Tutor,"Al Dafna, Doha",2021-11-08,Language,Spanish
Searching for an English Tutor,"All Areas, Doha",2021-11-08,Secondary Stage,English
Searching for a Physics Tutor,"All Areas, Doha",2021-11-08,Secondary Stage,Physics
Searching for a Guitar Tutor,"All Areas, Doha",2021-11-08,Music,Guitar
Looking for a Violin Tutor,"All Areas, Doha",2021-11-08,Music,Violin
Looking for a Spanish Language Tutor,"All Areas, Doha",2021-11-08,Language,Spanish
Need a Keyboard Tutor,"Doha, Doha",2021-11-08,Music,Keyboard
Looking for a Swimming Trainer,"Al Dafna, Doha",2021-11-08,Sports / Fitness Training,Swimming
Looking for a Business Studies Tutor,"Al-waab Street, Doha",2021-11-08,Secondary Stage,Business Studies
Looking for a Mathematics Tutor,"All Areas, Doha",2021-11-08,Preparatory Stage,Mathematics
Seeking a good Tutor to get prepared for GED,"All Areas, Doha",2021-11-08,GMAT/GRE/TOEFL/IELTS/SAT,GED
Searching for a Mathematics Tutor,"Al Hilal, Doha",2021-11-08,Elementary Stage,Mathematics
Looking for a Quran Tutor,"Musherib, Doha",2021-11-08,Language,Quran
Searching for an English Tutor,"All Areas, Doha",2021-11-08,Secondary Stage,English literature
Seeking an English Tutor,"Abu Hamour, Doha",2021-11-09,Secondary Stage,English
Looking for a Swimming Coach,"All Areas, Doha",2021-11-09,Sports / Fitness Training,Swimming
Looking for an English Tutor,"Doha City, Doha",2021-11-09,UNIVERSITY,English
Require a Physics Tutor,"All Areas, Doha",2021-11-09,Secondary Stage,Physics
Looking for a Statistics Tutor,"All Areas, Doha",2021-11-09,UNIVERSITY,Statistics
Looking for an Arabic Language Tutor,"All Areas, Doha",2021-11-09,Language,Arabic
Require a Mathematics Tutor,"All Areas, Doha",2021-11-09,Secondary Stage,Mathematics
Need a Tutor for LAW,"Dukhan, Doha",2021-11-10,UNIVERSITY,Law
Looking for a Mathematics Tutor,"Al Waab, Doha",2021-11-10,Secondary Stage,Mathematics
Looking for a Football Coach,"All Areas, Doha",2021-11-10,Sports / Fitness Training,Football
Looking for a Mathematics Tutor,"Abu Hamour, Doha",2021-11-10,Higher Education,MATHS
Looking for a Mathematics Tutor,"Ain Khalid, Doha",2021-11-10,Secondary Stage,Mathematics
Searching for a Tutor to learn English,"Abu Hamour, Doha",2021-11-10,Secondary Stage,English
Want a Violin Tutor,"All Areas, Doha",2021-11-11,Music,Violin
Looking for a Russian language Tutor,"All Areas, Doha",2021-11-11,Language,Russian
Looking for a PHP And MySQL Tutor,"All Areas, Doha",2021-11-11,Computer / IT,PHP And MySQL
Looking for a Mandarin Language Tutor,"All Areas, Doha",2021-11-11,Language,Mandarin
Need a Business Studies Tutor,"Al Thumama, Doha",2021-11-11,UNIVERSITY,Business Studies
Looking for a French Tutor,"Al Gharafa, Doha",2021-11-11,Language,French
Need a Finance Tutor,"Al Thumama, Doha",2021-11-11,UNIVERSITY,Finance
Searching for a Mathematics Tutor,"All Areas, Doha",2021-11-11,Secondary Stage,Mathematics
Looking for a Interior Design Tutor,"All Areas, Doha",2021-11-11,Arts / Photography / Other Hobbies,Interior Design
Searching for a Table Tennis Coach,"All Areas, Doha",2021-11-11,Sports / Fitness Training,Table Tennis
Want a Tutor for Russian Basic Language,"All Areas, Doha",2021-11-11,Language,Russian
Looking for a Spoken Arabic Tutor,"All Areas, Doha",2021-11-11,Language,Arabic
Looking for an Accountancy Tutor,"Barwa Village, Doha, Doha",2021-11-11,Secondary Stage,ACCOUNTS
Looking for a Linux and UNIX Tutor,"Al Thumama, Doha",2021-11-12,Computer / IT,"Linux, UNIX"
Need an English Tutor,"Waab, Doha",2021-11-12,Elementary Stage,English
Looking for a English Tutor,"West Bay, Doha",2021-11-12,Elementary Stage,English
Looking for a Python Programming Tutor,"All Areas, Doha",2021-11-12,Computer / IT,Python Programming
Need a Choreographer,"All Areas, Doha",2021-11-12,Dance,Western Dance
Need a Choreographer,"All Areas, Doha",2021-11-12,Dance,Hip Hop Dancing
Looking for a Tutor to draw human character anatomy and faces,"All Areas, Doha",2021-11-12,Arts / Photography / Other Hobbies,Drawing
Need a Tutor for Civil Engineering,"All Areas, Doha",2021-11-12,Engineering Subjects,Civil
Need a Choreographer,"All Areas, Doha",2021-11-12,Dance,Modern Bollywood Dance
Looking for a Spanish Language Tutor,"All Areas, Doha",2021-11-13,Language,Spanish
Seeking a Mathematics Tutor,"All Areas, Doha",2021-11-13,Preparatory Stage,Mathematics
Looking for a Chemistry Tutor,"Doha, Doha",2021-11-13,Secondary Stage,Chemistry
Looking for a Statistics Tutor,"Al Thumama, Doha",2021-11-13,UNIVERSITY,Statistics
Looking for a  C language Tutor,"Al Gharafa, Doha",2021-11-13,Computer / IT,"C, C++"
Seeking a Tutor for Computer Programming and Algorithms,"Al Gharafa, Doha",2021-11-13,UNIVERSITY,computer science/IT
Looking for a Statistics Tutor,"All Areas, Doha",2021-11-13,UNIVERSITY,Statistics
Need a Tutor for Cyber Security,", Doha",2021-11-13,Computer / IT,Cyber Security
Need a Tutor for Fundamentals of Programming,"Al Rayyan, Doha",2021-11-13,Computer / IT,Programming Technology
Looking for a Violin Tutor,"All Areas, Doha",2021-11-13,Music,Violin
Looking for a Mathematics Tutor,"Al Thumama, Doha",2021-11-13,UNIVERSITY,MATHS
Looking for a Mathematics Tutor,"All Areas, Doha",2021-11-13,Secondary Stage,Mathematics
Searching for a Tutor to learn Science,"Madinat Khalifa, Doha",2021-11-14,Elementary Stage,Science
Searching for a Tutor to learn Business Finance,"Al Thumama, Doha",2021-11-14,UNIVERSITY,Business Finance
Searching for a Tutor to learn Biology,"Al Dafna, Doha",2021-11-14,Higher Education,Biology
Seeking a Good Tutor to get prepared for GRE,"Al Duhail, Doha",2021-11-15,GMAT/GRE/TOEFL/IELTS/SAT,GRE
Looking for a French Tutor,"All Areas, Doha",2021-11-15,Language,French
Need a Chemistry Tutor,"All Areas, Doha",2021-11-15,Secondary Stage,Chemistry
Searching for a Science Tutor,"All Areas, Doha",2021-11-15,Preparatory Stage,Sciences
Seeking a Good Tutor to get prepared for SAT,"Bani Hajer, Ar-Rayyan, Doha",2021-11-15,GMAT/GRE/TOEFL/IELTS/SAT,SAT
Looking for a Tutor for Customer Service,"All Areas, Doha",2021-11-15,MBA / Business Training,Customer Service
Looking for a Russian Language Tutor,"All Areas, Doha",2021-11-15,Language,Russian
Searching for a Mathematics Tutor,"All Areas, Doha",2021-11-15,Elementary Stage,Mathematics
Looking for a Molecular Biology Tutor,"Doha, Doha",2021-11-15,UNIVERSITY,Biology
Looking for a Violin Tutor,"All Areas, Doha",2021-11-15,Music,Violin
Want a Physics Tutor,"All Areas, Doha",2021-11-15,Secondary Stage,Physics
Want a Chemistry Tutor,"All Areas, Doha",2021-11-15,Secondary Stage,Chemistry
Searching for a Biology Tutor,"All Areas, Doha",2021-11-15,Secondary Stage,Biology
Searching for a Mathematics Tutor,"All Areas, Doha",2021-11-15,Secondary Stage,Mathematics
Need a Mathematics Tutor,"All Areas, Doha",2021-11-15,Elementary Stage,Mathematics
Searching for a Biology Tutor,"Al Dafna, Doha",2021-11-15,Secondary Stage,Biology
Looking for an English Tutor,"Al Rayyan, Doha",2021-11-15,Elementary Stage,English
Seeking an English Tutor,"Qatar Airways Residence, Doha",2021-11-15,UNIVERSITY,English
Want a Guitar Tutor,", Doha",2021-11-15,Music,Guitar
Searching for a Tutor to learn Mathematics,"Al Matar Al Qadeem, Doha",2021-11-16,Secondary Stage,Mathematics
Searching for a Tutor to learn Physics,"Al Matar Al Qadeem, Doha",2021-11-16,Secondary Stage,Physics
Looking for a Good Tutor to get prepared for SAT,"All Areas, Doha",2021-11-16,GMAT/GRE/TOEFL/IELTS/SAT,SAT
Searching for a Tutor to learn Business Finance,"Al Thumama, Doha",2021-11-16,UNIVERSITY,Business Finance
Searching for a Tutor to learn French,"Al Gharafa, Doha",2021-11-16,Secondary Stage,French
Searching for a Tutor to learn Mental Maths,"All Areas, Doha",2021-11-16,Elementary Stage,Mental Maths
Need a Tutor to Learn Drums,"All Areas, Doha",2021-11-16,Music,Drums
Looking for a Tutor for Economics Assignments,"All Areas, Doha",2021-11-16,Secondary Stage,Economics
Seeking a Chess Tutor,"Madinat Khalifa, Doha",2021-11-16,Sports / Fitness Training,Chess
Need a Tutor to Learn Guitar,"All Areas, Doha",2021-11-16,Music,Guitar
Looking for a German Language Tutor,"All Areas, Doha",2021-11-16,Language,German
Seeking an English Tutor,", Doha",2021-11-16,Elementary Stage,English
Require a Mathematics Tutor,"Al Thumama, Doha",2021-11-16,UNIVERSITY,MATHS
Seeking an English Tutor,"Doha City, Doha",2021-11-16,Secondary Stage,English
Need a Mathematics Tutor,"All Areas, Doha",2021-11-16,Secondary Stage,Mathematics
Require a Italian Language Tutor,"All Areas, Doha",2021-11-16,Language,Italian
Seeking a Chess Coach,"Madinat Khalifa, Doha",2021-11-16,Sports / Fitness Training,Chess
Searching for a Tutor to learn Electronics,"Doha City, Doha",2021-11-17,Engineering Subjects,Electronics
Looking for a Networking Tutor,"All Areas, Doha",2021-11-17,Computer / IT,Networking
Looking for a Coding and Programming Tutor,"All Areas, Doha",2021-11-17,Stem Classes,Coding & Programming
Looking for a Tutor for English As A Second Language,"Doha City, Doha",2021-11-17,Secondary Stage,English
Seeking a Drums Tutor,"All Areas, Doha",2021-11-17,Music,Drums
Looking for a Keyboard Tutor,"Al Mamoura, Doha",2021-11-17,Music,Keyboard
Looking for a Chemistry Tutor,"Abu Hamour, Doha",2021-11-17,Secondary Stage,Chemistry
Looking for a Science Tutor,"Mesaimeer Road, Doha",2021-11-17,Preparatory Stage,Sciences
Seeking an Arabic Tutor,"Al Rayyan, Doha",2021-11-17,Elementary Stage,Arabic
Looking for an Islamic Tutor,"Al Rayyan, Doha",2021-11-17,Elementary Stage,Islamic Studies
Require a Mathematics Tutor,"Al Rayyan, Doha",2021-11-17,Elementary Stage,Mathematics
Seeking an English Tutor,"Al Rayyan, Doha",2021-11-17,Elementary Stage,English
Searching for a Tutor to learn MATHS,"Al Gharafa, Doha",2021-11-17,UNIVERSITY,MATHS
Require a Chemistry Tutor,"All Areas, Doha",2021-11-17,Secondary Stage,Chemistry
Require an Advanced Excel Tutor,"Old Airport, Doha",2021-11-18,Computer / IT,Advanced Excel
Searching for a Tutor to learn Coding & Programming,"Madinat Khalifa, Doha",2021-11-18,Stem Classes,Coding & Programming
Need a Tutor to Learn English,"Matar Qadeem, Doha",2021-11-18,Language,English
Need a Tutor to Learn Arabic,"Matar Qadeem, Doha",2021-11-18,Language,Arabic
Seeking an Arabic Tutor,"All Areas, Doha",2021-11-18,Elementary Stage,Arabic
Want a Violin Tutor,"All Areas, Doha",2021-11-18,Music,Violin
Seeking an Arabic Tutor,"All Areas, Doha",2021-11-18,Secondary Stage,Arabic
Need a Tutor for Electrical Engineering,"All Areas, Doha",2021-11-18,Engineering Subjects,Electrical
Looking for a French Tutor,"All Areas, Doha",2021-11-18,Elementary Stage,French
Looking for a Law Tutor,"Bin Omran, Doha",2021-11-19,UNIVERSITY,Law
Require a Piano Tutor,"All Areas, Doha",2021-11-19,Music,Piano
Seeking a Business Studies Tutor,"Fereej Kulaib, Doha",2021-11-19,UNIVERSITY,Business Studies
Looking for a Science Tutor,"Doha City, Doha",2021-11-19,Preparatory Stage,Sciences
Looking for a C Language Tutor,"Madinat Khalifa, Doha",2021-11-19,Computer / IT,"C, C++"
Looking for a Good Tutor to get prepared for IELTS,"Al Rayyan, Qatar, Doha",2021-11-19,Language,English
Looking for a Good Tutor to get prepared for IELTS,"Al Rayyan, Qatar, Doha",2021-11-19,GMAT/GRE/TOEFL/IELTS/SAT,IELTS
Require a Violin Tutor,"All Areas, Doha",2021-11-19,Music,Violin
Looking for a Mathematics Tutor,"All Areas, Doha",2021-11-19,Preparatory Stage,Mathematics
Searching for a Tutor to learn Programming Technology,"Abu Hamour, Doha",2021-11-20,Computer / IT,Programming Technology
Searching for a Tutor to learn Computer / IT,"Abu Hamour, Doha",2021-11-20,Engineering Subjects,Computer / IT
Urgent Looking for a Chemistry Tutor,"All Areas, Doha",2021-11-20,Secondary Stage,Chemistry
Seeking a C++ Tutor,"Abu Hamour, Doha",2021-11-20,Computer / IT,"C, C++"
Seeking a Russian Tutor,"All Areas, Doha",2021-11-20,Language,Russian
Seeking a Piano Tutor,"All Areas, Doha",2021-11-20,Music,Piano
Looking for a Good Tutor to get prepared for IELTS,"All Areas, Doha",2021-11-20,GMAT/GRE/TOEFL/IELTS/SAT,IELTS
Looking for a Good Tutor to get prepared for IELTS,"All Areas, Doha",2021-11-20,Language,English
Looking for a Guitar Tutor,"All Areas, Doha",2021-11-21,Music,Guitar
Require an AutoCAD Tutor,"All Areas, Doha",2021-11-21,Computer / IT,AutoCAD Training
Searching for a Tutor to learn English,", Doha",2021-11-21,Secondary Stage,English
Looking for a Mathematics Tutor,"All Areas, Doha",2021-11-21,Secondary Stage,Mathematics
Want a Managerial Economics Tutor,"All Areas, Doha",2021-11-21,UNIVERSITY,Economics
Seeking an Arabic Tutor,"All Areas, Doha",2021-11-21,Preparatory Stage,Arabic
Seeking a Tutor for DJ Training,"All Areas, Doha",2021-11-21,Music,DJ Training
Need a Tutor for Tendering Process,"All Areas, Doha",2021-11-21,MBA / Business Training,Finance
Searching for a Tutor to learn MATHS,"Al Dafna, Doha",2021-11-22,Higher Education,MATHS
Searching for a Tutor to learn MongoDB,"All Areas, Doha",2021-11-22,Computer / IT,MongoDB
Searching for a Statistics Tutor,"Old Airport, Doha",2021-11-22,Secondary Stage,Statistics
Looking for a Statistics Tutor,"Old Airport, Doha",2021-11-22,Secondary Stage,Statistics
Looking for a Guitar Tutor,"All Areas, Doha",2021-11-22,Music,Guitar
Searching for an English Tutor,"Doha City, Doha",2021-11-22,Secondary Stage,English
Require a Chess Coach,"All Areas, Doha",2021-11-22,Sports / Fitness Training,Chess
Need a MATHS Tutor,"All Areas, Doha",2021-11-22,UNIVERSITY,MATHS
Searching for a MATLAB Tutor,"Madinat Khalifa, Doha",2021-11-22,Computer / IT,MATLAB
Need a Tutor for Network Security,"All Areas, Doha",2021-11-22,Computer / IT,Networking
Want a Python Tutor,"Doha City, Doha",2021-11-22,Computer / IT,Python Programming
Require a Java Tutor,"Doha City, Doha",2021-11-22,Computer / IT,JAVA Technology
Seeking a Good Tutor to get prepared for IELTS,"All Areas, Doha",2021-11-22,GMAT/GRE/TOEFL/IELTS/SAT,IELTS
Need a Statistics Tutor,"All Areas, Doha",2021-11-22,UNIVERSITY,Statistics
Seeking a Good Tutor to get prepared for IELTS,"All Areas, Doha",2021-11-22,GMAT/GRE/TOEFL/IELTS/SAT,English
Searching for a Tutor to learn English,"All Areas, Doha",2021-11-23,Elementary Stage,English
Searching for a Tutor to learn Biology,"Al Dafna, Doha",2021-11-23,Higher Education,Biology
Seeking an English Tutor,"New Salata, Doha",2021-11-23,Secondary Stage,English
Looking for a Mathematics Tutor,"New Salata, Doha",2021-11-23,Secondary Stage,Mathematics
Need a Tutor for Beauty Specialist Diploma Course,"All Areas, Doha",2021-11-23,Arts / Photography / Other Hobbies,Beautician Courses
Need a Lady Swimming Coach,"Zone 54, Doha",2021-11-23,Sports / Fitness Training,Swimming
Seeking an English Tutor,"Doha, Doha",2021-11-23,Secondary Stage,English
Looking for a MATLAB Tutor,"Madinat Khalifa, Doha",2021-11-23,Computer / IT,MATLAB
Looking for a Business Studies Tutor,"New Salata, Doha",2021-11-23,Secondary Stage,Business Studies
Seeking a Lady  English Tutor,"Waab, Doha, Doha",2021-11-23,Preparatory Stage,English
Looking for a Good Tutor to get prepared for IELTS,"All Areas, Doha",2021-11-23,GMAT/GRE/TOEFL/IELTS/SAT,IELTS
Seeking an English Tutor,"Althmuma, Doha",2021-11-23,Elementary Stage,English
Looking for a Good Tutor to get prepared for DELF,"All Areas, Doha",2021-11-23,Elementary Stage,English
Need a Tutor to Learn English,"All Areas, Doha",2021-11-23,Early Childhood,English
Looking for a Good Tutor to get prepared for IELTS,"All Areas, Doha",2021-11-23,GMAT/GRE/TOEFL/IELTS/SAT,English
Looking for a Tutor for Carnatic Music,"All Areas, Doha",2021-11-23,Music,Indian Music
Seeking an Arabic Tutor,"Al Waab, Doha",2021-11-23,Secondary Stage,Arabic
Seeking a SQL Tutor,"All Areas, Doha",2021-11-23,Computer / IT,"MS Access, SQL"
Need a Tutor to Learn MATHS,"All Areas, Doha",2021-11-23,Early Childhood,MATHS
Looking for an Arabic Tutor,"All Areas, Doha",2021-11-23,Secondary Stage,Arabic
Want a C language Tutor,"Al Dafna, Doha",2021-11-24,Computer / IT,"C, C++"
Seeking a JAVA Tutor,"Al Dafna, Doha",2021-11-24,Computer / IT,JAVA Technology
Searching for a Tutor to learn Violin,"Mesaimeer Road, Doha",2021-11-24,Music,Violin
Looking for an English Tutor,"West Bay, Doha",2021-11-24,Elementary Stage,English
Looking for a Good Tutor to get prepared for IELTS,"Abu Hamour, Doha",2021-11-24,GMAT/GRE/TOEFL/IELTS/SAT,English
Looking for a Good Tutor to get prepared for IELTS,"Abu Hamour, Doha",2021-11-24,GMAT/GRE/TOEFL/IELTS/SAT,IELTS
Searching for a Tutor to learn Computer science/IT,"Al Dafna, Doha",2021-11-24,UNIVERSITY,computer science/IT
Looking for a French Tutor,"West Bay, Doha",2021-11-24,Elementary Stage,French
Looking for a Finance Tutor,"All Areas, Doha",2021-11-24,Secondary Stage,Finance
Looking for a Tutor for Assignment,"All Areas, Doha",2021-11-25,MBA / Business Training,Project Management
Searching for a Business Studies Tutor,"Al Dafna, Doha",2021-11-25,UNIVERSITY,Business Studies
Need a Tutor for Database Management,"Doha, Doha",2021-11-25,Computer / IT,DBMS & RDBMS
Searching for an Arabic Tutor,"All Areas, Doha",2021-11-25,Language,Arabic
Want a Mathematics Tutor,"All Areas, Doha",2021-11-25,Elementary Stage,Mathematics
Want a Mathematics Tutor,"All Areas, Doha",2021-11-25,Secondary Stage,Mathematics
Searching for an Anatomy Tutor,"All Areas, Doha",2021-11-25,UNIVERSITY,Anatomy
Looking for a French Tutor,"Doha, Doha",2021-11-25,Language,French
Searching for a Tutor to learn IELTS,"Abu Hamour, Doha",2021-11-25,GMAT/GRE/TOEFL/IELTS/SAT,IELTS
Looking for a Guitar Tutor,"All Areas, Doha",2021-11-26,Music,Guitar
Need a Yoga Instructor,", Doha",2021-11-26,Sports / Fitness Training,Yoga and Pilates
Looking for a Tutor for Yoga and Pilates,"All Areas, Doha",2021-11-26,Sports / Fitness Training,Yoga and Pilates
Urgently Looking for a Tutor for PHP and MySQL,"Al Hilal, Doha",2021-11-26,Computer / IT,"MS Access, SQL"
Urgently Looking for a Tutor for PHP and MySQL,"Al Hilal, Doha",2021-11-26,Computer / IT,PHP And MySQL
Looking for a Mathematics Tutor,"All Areas, Doha",2021-11-26,Elementary Stage,Mathematics
Looking for a Piano Tutor,"All Areas, Doha",2021-11-26,Music,Piano
Looking for a Mathematics Tutor,"All Areas, Doha",2021-11-27,Preparatory Stage,Mathematics
Seeking a Piano Tutor,"All Areas, Doha",2021-11-27,Music,Piano
Need a Piano Tutor,"All Areas, Doha",2021-11-27,Music,Piano
Looking for a Guitar Tutor,"All Areas, Doha",2021-11-27,Music,Guitar
Looking for a Good Tutor to get prepared for DELF,"All Areas, Doha",2021-11-27,Language,French
Looking for a Science Tutor,"All Areas, Doha",2021-11-27,Preparatory Stage,Sciences
Seeking a Business Tutor,"All Areas, Doha",2021-11-27,UNIVERSITY,Business Studies
Seeking a Business Tutor,"All Areas, Doha",2021-11-27,MBA / Business Training,Business Training
Require a Mathematics Tutor,"Musherib, Doha",2021-11-27,Early Childhood,MATHS
Looking for an Arabic Language Tutor,"All Areas, Doha",2021-11-27,Language,Arabic
Looking for a Good Tutor to get prepared for DELF,"All Areas, Doha",2021-11-27,GMAT/GRE/TOEFL/IELTS/SAT,DELF Exam
Searching for a Tutor to learn Mathematics,"Madinat Khalifa, Doha",2021-11-28,Elementary Stage,Mathematics
Searching for a Tutor to learn Russian,"Doha City, Doha",2021-11-28,Language,Russian
Seeking an English Tutor,"Old Airport, Doha",2021-11-28,Secondary Stage,English
Seeking an English Tutor,"All Areas, Doha",2021-11-28,Elementary Stage,English
Looking for a Mathematics Tutor,"All Areas, Doha",2021-11-28,Elementary Stage,Mathematics
Looking for a Science Tutor,"Doha City, Doha",2021-11-28,Elementary Stage,Science
Looking for a Mathematics Tutor,"Doha City, Doha",2021-11-28,Elementary Stage,Mathematics
Seeking an English Tutor,"Doha City, Doha",2021-11-28,Elementary Stage,English
Looking for a Statistics Tutor,"All Areas, Doha",2021-11-28,UNIVERSITY,Statistics
Searching for an Engineering Tutor,"All Areas, Doha",2021-11-29,UNIVERSITY,Engineering Subjects
Looking for a Voice Coach,"Doha City, Doha",2021-11-29,Music,Singing
Require a Mathematics Tutor,"All Areas, Doha",2021-11-29,Early Childhood,MATHS
Looking for a Oud Tutor,"The Pearl, Doha",2021-11-29,Music,Oud
Seeking an English Tutor,"Doha City, Doha",2021-11-29,Secondary Stage,English literature
Seeking an Electronics Tutor,"Karwa City, Doha",2021-11-29,Engineering Subjects,Electronics
Need a Guitar Tutor,"All Areas, Doha",2021-11-29,Music,Guitar
Searching for a Tutor to learn Belly Dance,"West Bay, Doha",2021-11-29,Dance,Belly Dance
Need a Piano Tutor,"All Areas, Doha",2021-11-29,Music,Piano
Looking for a Business AS Tutor,"Ain Khaled, Doha, Doha",2021-11-30,Secondary Stage,Business Studies
Looking for a Business Tutor,"All Areas, Doha",2021-11-30,Secondary Stage,Business Studies
Looking for a Mathematics Tutor,"All Areas, Doha",2021-11-30,Secondary Stage,Mathematics
Seeking an English Tutor,"All Areas, Doha",2021-11-30,Secondary Stage,English
Seeking a Dance Tutor,"West Bay, Doha",2021-11-30,Dance,Salsa
Looking for a Tally Tutor,"All Areas, Doha",2021-11-30,Computer / IT,Tally
Looking for a Computer Tutor,"All Areas, Doha",2021-11-30,Computer / IT,Computer Basics
Seeking an Arabic Tutor,"Old Airport, Doha, Doha",2021-11-30,Elementary Stage,Arabic
Searching for a Tutor to learn History,"Al Rayyan, Doha",2021-11-30,Secondary Stage,History
Searching for a Tutor to learn Python Programming,"Al Duhail, Doha",2021-12-01,Computer / IT,Python Programming
Searching for a Tutor to learn Business Training,"All Areas, Doha",2021-12-01,MBA / Business Training,Business Training
Looking for a Mathematics Tutor,"Al Nuaija, Doha",2021-12-01,Secondary Stage,Mathematics
Want a Physics Tutor,"Al Nuaija, Doha",2021-12-01,Secondary Stage,Physics
Looking for a Mathematics Tutor,"Doha, Doha",2021-12-01,Secondary Stage,Mathematics
Looking for a Chinese Tutor,"All Areas, Doha",2021-12-01,Language,Mandarin
Looking for an Engineering Tutor,"All Areas, Doha",2021-12-01,Engineering Subjects,Mechanical
Seeking an English Tutor,"All Areas, Doha",2021-12-01,Secondary Stage,English
Looking for a Dance Tutor,"All Areas, Doha",2021-12-01,Dance,Hip Hop Dancing
Looking for an Engineering Tutor,"All Areas, Doha",2021-12-01,Engineering Subjects,Chemical
Looking for a Sociology Tutor,"All Areas, Doha",2021-12-01,Secondary Stage,Sociology
Seeking an Islamic Studies Tutor,"Al Markhiya, Doha",2021-12-02,Elementary Stage,Islamic Studies
Looking for a Russian Language Tutor,"All Areas, Doha",2021-12-02,Language,Russian
Looking for an English Language Tutor,"Fereej Bin Omran, Doha, Doha",2021-12-02,Secondary Stage,English
Searching for a Mathematics Tutor,"Abu Hamour Street, Doha, Doha",2021-12-02,Secondary Stage,Mathematics
Seeking an Arabic Tutor,"Al Markhiya, Doha",2021-12-02,Elementary Stage,Arabic
Looking for a Good Tutor to get prepared for IELTS,"Madinat Khalifa South, Doha, Doha",2021-12-03,GMAT/GRE/TOEFL/IELTS/SAT,English
Looking for an Applied Mathematics Tutor,"All Areas, Doha",2021-12-03,UNIVERSITY,MATHS
Looking for a Good Tutor to get prepared for IELTS,"Madinat Khalifa South, Doha, Doha",2021-12-03,GMAT/GRE/TOEFL/IELTS/SAT,IELTS
Want a Chemistry Tutor,"All Areas, Doha",2021-12-03,Secondary Stage,Chemistry
Looking for a Keyboard Tutor,"All Areas, Doha",2021-12-04,Music,Keyboard
Looking for an Arabic Tutor,"All Areas, Doha",2021-12-04,Language,Arabic
Seeking an English Tutor,"All Areas, Doha",2021-12-04,Language,English
Looking for a Mathematics Tutor,"Doha City, Doha",2021-12-04,Secondary Stage,Mathematics
Looking for a Computer Science Tutor,"All Areas, Doha",2021-12-04,UNIVERSITY,computer science/IT
Looking for a German Language Tutor,"All Areas, Doha",2021-12-04,Language,German
Looking for a Computer Tutor,"Abu Hamour, Doha",2021-12-04,Engineering Subjects,Computer / IT
Looking for a Guitar Tutor,"All Areas, Doha",2021-12-04,Music,Guitar
Looking for a Hip Hop Dance Tutor,"All Areas, Doha",2021-12-04,Dance,Hip Hop Dancing
Require a Law Tutor,"Doha City, Doha",2021-12-05,UNIVERSITY,Law
Looking for a Piano Tutor,"All Areas, Doha",2021-12-05,Music,Piano
Need a Tutor for Making Websites and Applications,"Doha City, Doha",2021-12-05,Computer / IT,Website design
Searching for a Tutor to learn Spanish,"Old Airport, Doha",2021-12-05,Language,Spanish
Searching for a Tutor to learn GRE,"Airport Road, Doha",2021-12-05,GMAT/GRE/TOEFL/IELTS/SAT,GRE
Looking for a Statistics Tutor,"All Areas, Doha",2021-12-06,Secondary Stage,Statistics
Seeking a Biology Tutor,"Ain Khaled, Doha, Doha",2021-12-06,Secondary Stage,Biology
Looking for a Yoga Coach,"All Areas, Doha",2021-12-06,Sports / Fitness Training,Yoga and Pilates
Want a Piano Tutor,"All Areas, Doha",2021-12-06,Music,Piano
Looking for a Computer Science Tutor,"All Areas, Doha",2021-12-06,UNIVERSITY,computer science/IT
Looking for a Guitar Tutor,"All Areas, Doha",2021-12-06,Music,Guitar
Need a Piano Tutor,"All Areas, Doha",2021-12-06,Music,Piano
Seeking a Physics Tutor,"Al Thumama, Doha",2021-12-06,Secondary Stage,Physics
Searching for a Tutor to learn Arabic,"Near Doha Sports Stadium, Doha",2021-12-06,Language,Arabic
Searching for a Mathematics Tutor,"All Areas, Doha",2021-12-06,Secondary Stage,Mathematics
Looking for an Economics Tutor,"All Areas, Doha",2021-12-06,Secondary Stage,Economics
Searching for a Tutor to learn Mathematics,", Doha",2021-12-06,Secondary Stage,Mathematics
Want a Physics Tutor,"Al Muntazah, Doha, Doha",2021-12-06,Secondary Stage,Physics
Seeking an English Tutor,"All Areas, Doha",2021-12-06,Elementary Stage,English
Want a Physics Tutor,"All Areas, Doha",2021-12-06,Secondary Stage,Physics
Looking for a Saxophone Tutor,"All Areas, Doha",2021-12-07,Music,Saxophone
Searching for a Tutor to learn Arabic,"The Pearl, Doha",2021-12-07,Language,Arabic
Searching for a Tutor to learn Mathematics,"Ain Khalid, Doha",2021-12-07,Preparatory Stage,Mathematics
Looking for a Spanish Language Tutor,"All Areas, Doha",2021-12-07,Language,Spanish
Seeking an English Tutor,"Al Murour, Doha",2021-12-07,Language,English
Looking for a Guitar Tutor,"All Areas, Doha",2021-12-07,Music,Guitar
Seeking a Dance Tutor,"All Areas, Doha",2021-12-07,Dance,Zouk
Looking for a Good Tutor to get prepared for IELTS,"All Areas, Doha",2021-12-07,GMAT/GRE/TOEFL/IELTS/SAT,IELTS
Need a Tutor to Learn English,"Old Airport, Doha",2021-12-07,Elementary Stage,English
Need a Tutor to Learn Mathematics,"Old Airport, Doha",2021-12-07,Elementary Stage,Mathematics
Require a Statistics Tutor,"Al Thumama, Doha",2021-12-07,UNIVERSITY,Statistics
Require a MATHS Tutor,"Al Thumama, Doha",2021-12-07,UNIVERSITY,MATHS
Looking for a Good Tutor to get prepared for IELTS,"All Areas, Doha",2021-12-07,Language,English
Looking for a Mathematics Tutor,"Doha, Doha",2021-12-08,Secondary Stage,Mathematics
Need a Tutor to Learn English,"All Areas, Doha",2021-12-08,Elementary Stage,English
Seeking an Arabic Tutor,"Al Jadeeda, Doha",2021-12-08,Language,Arabic
Looking for a Mathematics Tutor,"Al Thumama, Doha",2021-12-08,Secondary Stage,Mathematics
Looking for a Computer Science Tutor,"All Areas, Doha",2021-12-08,UNIVERSITY,computer science/IT
Require a Mathematics Tutor,"Al Markhiya, Doha",2021-12-08,UNIVERSITY,MATHS
Seeking an English Tutor,"Madinat Khalifa, Doha",2021-12-08,Elementary Stage,English
Looking for a Social Studies Tutor,"Al Markhiya, Doha",2021-12-08,Secondary Stage,Social Studies
Need a Tutor to Learn Mathematics,"All Areas, Doha",2021-12-08,Elementary Stage,Mathematics
Need a Tutor to Learn Science,"All Areas, Doha",2021-12-08,Elementary Stage,Science
Searching for a Tutor to learn Swimming,"Al Waab, Doha",2021-12-08,Sports / Fitness Training,Swimming
Looking for a Mathematics Tutor,"Madinat Khalifa, Doha",2021-12-08,Elementary Stage,Mathematics
Searching for a French Tutor,"All Areas, Doha",2021-12-09,Language,French
Looking for a Tutor for SAS Certifications,"All Areas, Doha",2021-12-09,Computer / IT,SAS Certifications
Need a Tutor for Mathematics,"All Areas, Doha",2021-12-09,Elementary Stage,Mathematics
Need a Tutor for English,"All Areas, Doha",2021-12-09,Elementary Stage,English
Looking for a French Tutor,"All Areas, Doha",2021-12-09,Language,French
Seeking Music Lessons in French,"All Areas, Doha",2021-12-10,Music,Music Theory
Need a Tutor to Teach Me for Math Olympiad,"All Areas, Doha",2021-12-10,GMAT/GRE/TOEFL/IELTS/SAT,MATHS
Need a Tutor to Teach Me for Math Olympiad,"All Areas, Doha",2021-12-10,Secondary Stage,Mathematics
Need a Tutor to Teach Academic IELTS,"All Areas, Doha",2021-12-10,GMAT/GRE/TOEFL/IELTS/SAT,IELTS
Need a Tutor to Teach Academic IELTS,"All Areas, Doha",2021-12-10,GMAT/GRE/TOEFL/IELTS/SAT,English
Need a Tutor to Teach Academic IELTS,"All Areas, Doha",2021-12-10,Language,English
Need a Guitar Trainer,", Doha",2021-12-10,Music,Guitar
Looking for a Tutor to help in data structure,"Doha City, Doha",2021-12-10,Computer / IT,Data Structures
Looking for an English Tutor,"All Areas, Doha",2021-12-10,UNIVERSITY,English
Seeking Music Lessons in French,"All Areas, Doha",2021-12-10,Music,Singing
Need a Hindi Tutor for Class 9,"Al Mansoura, Doha",2021-12-11,Secondary Stage,Hindi
Seeking Piano Lessons,"Doha, Doha",2021-12-11,Music,Keyboard
Seeking Piano Lessons,"Doha, Doha",2021-12-11,Music,Piano
Seeking a Gymnastics Trainer for My Daughter,"All Areas, Doha",2021-12-11,Sports / Fitness Training,Gymnastics
Searching for a Tutor to learn English,"Doha City, Doha",2021-12-12,Elementary Stage,English
Searching for a Mathematics Tutor,"Doha City, Doha",2021-12-13,Secondary Stage,Mathematics
Searching for a Tutor to learn Mathematics,"Al Mansoura, Doha",2021-12-13,Preparatory Stage,Mathematics
Searching for a Tutor to learn Mathematics,"Ad Dawhah, Doha",2021-12-13,Secondary Stage,Mathematics
Searching for a Tutor to learn Finance,"All Areas, Doha",2021-12-13,UNIVERSITY,Finance
Looking for a Music Theory Tutor,"All Areas, Doha",2021-12-13,Music,Music Theory
Looking for a Mathematics Tutor,"Doha City, Doha",2021-12-13,Elementary Stage,Mathematics
Searching for a Arabic Tutor,"Doha City, Doha",2021-12-13,Elementary Stage,Arabic
Looking for a Good Tutor to get prepared for SAT,"All Areas, Doha",2021-12-13,GMAT/GRE/TOEFL/IELTS/SAT,SAT
Seeking a Good Tutor to get prepared for ACT,"All Areas, Doha",2021-12-13,GMAT/GRE/TOEFL/IELTS/SAT,ACT
Looking for a Finance Tutor,"Ad Dawhah, Doha",2021-12-13,Higher Education,Finance
Need a Tutor for Drawing,"All Areas, Doha",2021-12-13,Arts / Photography / Other Hobbies,Drawing
Looking for a Basic Computer Tutor,"All Areas, Doha",2021-12-13,Computer / IT,Computer Basics
Looking for a Harmonica Tutor,"All Areas, Doha",2021-12-13,Music,Harmonica
Looking for a Cyber Security Tutor,"All Areas, Doha",2021-12-13,Computer / IT,Cyber Security
Want a Biology Tutor,"Doha City, Doha",2021-12-13,Secondary Stage,Biology
Looking for a Civil Tutor,"Izghawa, Ar-Rayyan, Umm Salal,Gharafa, Doha",2021-12-13,Engineering Subjects,Civil
Need a Tutor for Science,"All Areas, Doha",2021-12-13,Elementary Stage,Science
Need a Tutor for English,"All Areas, Doha",2021-12-13,Elementary Stage,English
Need a Tutor for Mathematics,"All Areas, Doha",2021-12-13,Elementary Stage,Mathematics
Need a Tutor for Painting,"All Areas, Doha",2021-12-13,Arts / Photography / Other Hobbies,Painting
Looking for a Quran Tutor,"All Areas, Doha",2021-12-14,Language,Quran
Looking for a Rhythmic Gymnastics Tutor,"All Areas, Doha",2021-12-14,Sports / Fitness Training,Gymnastics
Searching for a Tutor to learn ACCOUNTS,"Abu Hamour, Doha",2021-12-15,Secondary Stage,ACCOUNTS
Searching for an English Tutor,"Ain Khaled, Doha",2021-12-15,Secondary Stage,English
Need a Tutor for Beautician Courses,"All Areas, Doha",2021-12-15,Arts / Photography / Other Hobbies,Beautician Courses
Want a Physics Tutor,"All Areas, Doha",2021-12-15,Secondary Stage,Physics
Need a Violin Tutor,"All Areas, Doha",2021-12-15,Music,Violin
Looking for a Tutor for Financial Management,"All Areas, Doha",2021-12-15,UNIVERSITY,Finance
Looking for a Piano Tutor,"Al Mansoura, Doha, Doha",2021-12-15,Music,Piano
Searching for a Squash Tutor,"All Areas, Doha",2021-12-15,Sports / Fitness Training,Squash
Searching for a Tutor to learn Arabic,"Doha City, Doha",2021-12-16,Elementary Stage,Arabic
Seeking an English Tutor,"All Areas, Doha",2021-12-16,Elementary Stage,English
Looking for a Tutor for English Speaking,"All Areas, Doha",2021-12-16,Language,English
Searching for a Mathematics Tutor,"All Areas, Doha",2021-12-16,Elementary Stage,Mathematics
Seeking a Violin Tutor,"All Areas, Doha",2021-12-16,Music,Violin
Looking for a tutor to learn Financial Management,"All Areas, Doha",2021-12-17,UNIVERSITY,Finance
Searching for a Tutor to learn MATHS,"Ain Khalid, Doha",2021-12-17,Engineering Subjects,MATHS
Looking for a Mathematics Tutor to learn Advanced Math,"Ain Khalid, Doha",2021-12-17,UNIVERSITY,MATHS
Looking for a Dance Tutor,"All Area, Doha",2021-12-17,Dance,Ballet Dancing
Looking for a Swimming Coach,"All Areas, Doha",2021-12-17,Sports / Fitness Training,Swimming
Looking for a tutor to learn ACCOUNTS,"Abu Hamour, Doha",2021-12-17,Secondary Stage,ACCOUNTS
Looking for a tutor to learn Violin,", Doha",2021-12-17,Music,Violin
Looking for an English Tutor,"Al Markhyia, Doha",2021-12-17,Elementary Stage,English
Looking for a Drawing Tutor,"Al Mansoora, Doha",2021-12-18,Arts / Photography / Other Hobbies,Drawing
Looking for a Tutor for Makeup and Hairstyle course,"All Areas, Doha",2021-12-18,Arts / Photography / Other Hobbies,Beautician Courses
Looking for a Drawing Tutor,"Al Mansoora, Doha",2021-12-18,Arts / Photography / Other Hobbies,Painting
Looking for an English Tutor,"All Areas, Doha",2021-12-18,Secondary Stage,English
Looking for an Arabic Language Tutor,"All Areas, Doha",2021-12-20,Language,Arabic
Searching for a Tutor to learn Arabic,"West Bay, Doha",2021-12-20,Elementary Stage,Arabic
Looking for a Mathematics Tutor for today,"All Areas, Doha",2021-12-20,UNIVERSITY,MATHS
Looking for a Swimming Coach,"All Areas, Doha",2021-12-20,Sports / Fitness Training,Swimming
Looking for a Tutor to learn piano,"Lagoona, Doha",2021-12-20,Music,Piano
Looking for an Yoga Trainer,"All Areas, Doha",2021-12-20,Sports / Fitness Training,Yoga and Pilates
Looking for a Tutor to learn Marketing,"Doha, Doha",2021-12-20,MBA / Business Training,Business Training
Looking for a Tutor to learn Guitar,"Lagoona, Doha",2021-12-20,Music,Guitar
Looking for a Fitness Trainer,"All Areas, Doha",2021-12-20,Sports / Fitness Training,Yoga and Pilates
Looking for a tutor to learn Financial Management,", Doha",2021-12-20,Higher Education,Finance
Looking for a Violin Tutor,", Doha",2021-12-21,Music,Violin
Looking for an English Tutor for my son,"All Areas, Doha",2021-12-21,Elementary Stage,English
Looking for a Pilates trainer,", Doha",2021-12-21,Sports / Fitness Training,Yoga and Pilates
Searching for a Tutor to learn English,"Al Sadd, Doha",2021-12-21,Secondary Stage,English
Need a tutor for IELTS exam preparation,"All Areas, Doha",2021-12-21,GMAT/GRE/TOEFL/IELTS/SAT,IELTS
Looking for a tutor to learn Spanish language,"Doha, Doha",2021-12-22,Language,Spanish
Looking for a Biology Tutor for ACCA Preparation,", Doha",2021-12-22,GMAT/GRE/TOEFL/IELTS/SAT,ACCA
Looking for a PTE Trainer,", Doha",2021-12-22,GMAT/GRE/TOEFL/IELTS/SAT,PTE
Looking for a Mathematics Tutor,", Doha",2021-12-22,Higher Education,MATHS
Searching for a Tutor to learn ACCA,", Doha",2021-12-22,GMAT/GRE/TOEFL/IELTS/SAT,ACCA
Looking for a Yoga Trainer,"Al Gharafa, Doha",2021-12-22,Sports / Fitness Training,Yoga and Pilates
Looking for a Harmonica Tutor,"All Areas, Doha",2021-12-22,Music,Harmonica
Looking for a Business Mathematics Tutor,"All Areas, Doha",2021-12-23,UNIVERSITY,MATHS
Looking for a Tutor to learn Image Processing With C,"All Areas, Doha",2021-12-23,Computer / IT,"C, C++"
Looking for a Tutor to help in data structure,"Doha City, Doha",2021-12-23,Computer / IT,Data Structures
Need a Tutor for MATHS,"Umm Ghuwailina, Doha, Doha",2021-12-23,Early Childhood,MATHS
Need a Tutor for English,"Umm Ghuwailina, Doha, Doha",2021-12-23,Early Childhood,English
Need a Tutor for Science,"Umm Ghuwailina, Doha, Doha",2021-12-23,Early Childhood,Science
Looking for a Tutor to help in Coding and Programming,"Doha City, Doha",2021-12-23,Stem Classes,Coding & Programming
Need a Tutor for MATHS,"All Areas, Doha",2021-12-23,Early Childhood,MATHS
Need a Tutor for English,"All Areas, Doha",2021-12-23,Early Childhood,English
Looking for a Tutor to learn Arabic,"All Areas, Doha",2021-12-24,Language,Arabic
Looking for a Trainer for Beautician Course,"All Areas, Doha",2021-12-24,Arts / Photography / Other Hobbies,Beautician Courses
Looking for a Yoga Trainer,"West Bay, Doha, Doha",2021-12-24,Sports / Fitness Training,Yoga and Pilates
Looking for an Dance Teacher,"All Areas, Doha",2021-12-24,Dance,Waltz
Looking for a Tutor to learn Keyboard,"Mansura, Doha",2021-12-24,Music,Keyboard
Looking for a tutor to learn TOEFL,"All Areas, Doha",2021-12-24,GMAT/GRE/TOEFL/IELTS/SAT,TOEFL
Looking for a PTE  Tutor,"Abu Hamour, Doha",2021-12-24,GMAT/GRE/TOEFL/IELTS/SAT,PTE
Looking for a tutor to learn Italian,"All Areas, Doha",2021-12-25,Language,Italian
Looking for a Tutor to learn Electronics,"Madinat Khalifa, Doha",2021-12-25,Engineering Subjects,Electronics
Need a tutor to learn class 10 syllabus for science,"Near Doha, Doha",2021-12-25,Secondary Stage,Chemistry
Need a tutor to learn class 10 syllabus for science,"Near Doha, Doha",2021-12-25,Secondary Stage,Physics
Need a tutor to learn class 10 syllabus for science,"Near Doha, Doha",2021-12-25,Secondary Stage,Science
Looking for a tutor to learn Italian,"Doha City, Doha",2021-12-25,Language,Italian
Looking for an Music teacher,"All Areas, Doha",2021-12-25,Music,Indian Music
